MHC,Peptide,TCR,TRAV,TRBV,PDB,CDR3α,CDR3β,BSA,Vα,Vβ,Pep,Kd,Ref
HLA-A*02:01,LLFGYPVYV (HTLV),A6,12-2*02,6-5*01,1AO7,AVTTDSWGKLQ,ASRPGLAGGRPEQY,1990,65,35,34,0.9,[8]
HLA-A*02:01,LLFGYPVYV (HTLV),B7,29/DV5*01,6-5*01,1BD2,AAMEGAQKLV,ASSYPGGGFYEQY,1710,68,32,32,ND,[90]
H2-Kb,EQYKFYSV (self),2C,9-4*01,13-2*01,2CKB,AVSGFASALT,ASGGGGTLY,2100,56,44,25,100,[91]
H2-Kb,INFDFNTI (self),BM3.3,16/DV11*01,1*01,1FO0,AMRGDYGGSGNKLI,TCSADRVGNTLY,1240,37,63,19,2.6,[92]
H2-Kb,KVITFIDL (self),KB5-C20,14-1*01,1*01,1KJ2,AARYQGGRALI,TCSAAPDWGASAETLY,1890,48,52,21,ND,[93]
HLA-A*02:01,ALWGFFPVL (self),AHIII 12.2,12D-2*01,13-3*01,1LP9,ALFLASSSFSKLV,ASSDWVSYEQY,1840,56,44,26,11.3,[94]
HLA-B*08:01,FLRGRAYGL (EBV),LC13,26-2*01,7-8*01,1MI5,ILPLAGGTSYGKLT,ASSLGQAYEQY,2020,57,43,18,10,[45]
HLA-A*02:01,GILGFVFTL (Influenza),JM22,27*01,19-01,1OGA,AGAGSQGNLI,ASSSRSSYEQY,1470,33,67,28,5.6,[34]
HLA-B*35:08,LPEPLPQGQLTAY (EBV),SB27,19*01,6-1*01,2AK4,ALSGFYNTDKLI,ASPGLAGEYEQY,1750,58,42,43,9.9,[95]
HLA-A*02:01,SLLMWITQC (self),1G4,21*01,6-5*01,2BNR,AVRPTSGGSYIPT,ASSYVGNTGELF,1920,48,52,38,13.3,[96]
HLA-E*01:03,VMAPRTLIL (CMV),KK50.4,26-1*01,14*01,2ESV,IVVRSSNTGKLI,ASSQDRDTQY,1810,39,61,27,30.2,[97]
HLA-B*35:01,EPLPQGQLTAY (EBV),ELS4,1-2*01,10-3*01,2NX5,AVQASGGSYIPT,ATGTGDSNQPQH,2400,43,57,25,30,[98]
H2-Ld2,QLSPFPFDL (synthetic),2C,9-4*01,13-2*01,2OI9,AVSGFASALT,ASGGGGTLY,1710,52,48,31,2,[99]
H2-Kbm8,SQYYYNSL (synthetic),BM3.3,16/DV11*01,1*01,2OL3,AMRGDYGGSGNKLI,TCSADRVGNTLY,1710,52,48,30,112,[100]
HLA-B*44:05,EENLLDFVRF (EBV),DM,26-1*02,7-9*01,3DXA,IVWGGYQKVT,ASRYRDDSYNEQF,2090,52,48,33,0.3,[101]
HLA-B*08:01,FLRGRAYGL (EBV),CF34,14/DV4*01,11-2*01,3FFC,AMREDTGNFY,ASSFTWTSGGATDTQY,2170,42,58,20,8.9,[102]
HLA-A*02:01,NLVPMVATV (CMV),RA14,24*01,6-5*01,3GSN,ARNTGNQFY,ASSPVTGGIYGYT,1930,52,48,33,27,[32]
HLA-A*02:01,ELAGIGILTV (MART-1),CD8,12-2*01,30*01,3HG1,AVNVAGKST,AWSETGLGTGELF,2030,48,52,26,18,[103]
HLA-B*44:05,EEYLQAFTY (self),LC13,26-2*01,7-8*01,3KPS,ILPLAGGTSYGKLT,ASSLGQAYEQY,2330,53,47,22,49,[44]
HLA-B*35:01,HPVGEADYFEY (EBV),TK3,20*01,9*01,3MV7,AVQDLGTSGSRLT,ASSARSGELF,2040,55,45,42,2.2,[104]
HLA-A*02:01,GLCTLVAML (EBV),AS01,5*01,20-1*01,3O4L,AEDNNARLM,SARDGTGNGYT,2150,54,46,25,8.1,[105]
H2-Db,SSLENFRAYV (Influenza),6218,21/DV12*02,29*01,3PQY,ILSGGSNYKLT,ASSFGREQY,1696,50,50,39,2,[106]
HLA-A*02:01,AAGIGILTV (MART-1),DMF5,12-2*01,6-4*01,3QDJ,AVNFGGGKLI,ASSLSFGTEAF,2240,59,41,23,40,[107]
HLA-A*02:01,LAGIGILTV (MART-1),DMF4,35*01,10-3*01,3QDM,AGGTGNQFY,AISEVGVGQPQH,1750,48,52,33,170,[107]
H2-Kb,WIYVYRPM (synthetic),YAe62,6D-3*01,13-2*01,3RGV,AANSGTYQR,ASGDFWGDTLY,1650,44,56,23,15,[108]
HLA-B*57:03,KAFSPEVIPMF (HIV),AGA1,5*01,19*01,2YPL,AVSGGYQKVT,ASTGSYGYT,1580,69,31,49,3,[109]
HLA-B*08:01,FLRGRAYGL (EBV),RL42,12-1*01,6-2*01,3SJV,VVRAGKLI,ASGQGNFDIQY,2110,64,36,20,31,[110]
HLA-A*02:01,ALWGPDPAAA (PPI),1.00E+06,12-3*01,12-4*01,3UTS,AMRGDSSYKLI,ASSLWEKLAKNIQY,1380,49,51,34,278,[41]
HLA-A*24:02,RFPLTFGWCF (HIV),C1-28,8-3*01,4-1*01,3VXM,AVGAPSGAGSYQLT,ASSPTSGIYEQY,1970,78,22,38,21.1,[111]
HLA-A*24:02,RYPLTFGWCF (HIV),H27-14,21*01,7-9*01,3VXR,AVRMDSSYKLI,ASSSWDTGELF,1930,46,54,37,9.7,[111]
HLA-A*24:02,RFPLTFGWCF (HIV),T36-5,12-2*01,27*01,3VXU,WGTYNQGGKLI,ASSGASHEQY,2390,45,55,27,1.6,[111]
HLA-B*27:05,KRWIILGLNK (HIV),C12C,14/DV4*02,6-5*01,4G8G,AMRDLRDNFNKFY,ASREGLGGTEAF,1860,58,42,35,2,[112]
HLA-B*35:08,LPEPLPQGQLTAY (EBV),SB47,39*01,5-6*01,4JRY,AVGGGSNYQLI,ASSRTGSTYEQY,2010,44,56,17,25,[113]
HLA-B*51:01,TAFTIPSI (HIV),3B,17*01,7-3*01,4MJI,ATDDDSARQLT,ASSLTGGGELF,2230,55,45,13,81.8,[114]
HLA-B*35:01,IPSINVHHY (CMV),Clone12,TRDV1*01,5-1*01,4QRR,ALGELAGAGGTSYGKLT,ASSLEGGYYNEQF,2040,65,35,25,15,[17]
HLA-B*08:01,HSKKKCDEL (HCV),DD31,9-2*01,11-2*01,4QRP,ALSDPVNDMR,ASSLRGRGDQPQH,2351,53,47,23,2.5,[115]
H2-Ld2,GAPWNPAMMI (p3M11I),M33,9-4*01,13-2*01,4NHU,AVSLHRPALT,ASGGGGTLY,1504,71,29,18,ND,[NA]
HLA-A*02:01,NLVPMVATV (CMV),C7,24*01,7-2*02,5D2L,AFITGNQFY,ASSQTQLWETQY,1901,56,44,33,5.1,[33]
HLA-A*02:01,NLVPMVATV (CMV),C25,26-2*01,7-6*01,5D2N,ILDNNNDMR,ASSLAPGTTNEKLF,1832,36,64,30,4.7,[33]
HLA-A*01:01,EVDPIGHLY (MAGE-A3),MAG-IC3,21*01,5-1*01,5BRZ,AVRPGGAGPFFVV,ASSFNMATGQY,1817,62,38,22,0.0071,[9]
HLA-A*01:01,ESDPIVAQY (Titin),MAG-IC3,21*01,5-1*01,5BS0,AVRPGGAGPFFVV,ASSFNMATGQY,2048,58,42,26,0.0767,[9]
HLA-A*02:01,YQFGPDFPIA (synthetic),1.00E+06,12-3*01,12-4*01,5C07,AMRGDSSYKLI,ASSLWEKLAKNIQY,1697,41,59,37,7.4,[20]
HLA-A*02:01,RQWGPDPAAV (synthetic),1.00E+06,12-3*01,12-4*01,5C08,AMRGDSSYKLI,ASSLWEKLAKNIQY,1590,45,55,34,7.8,[20]
HLA-A*02:01,MVWGPDPLYV (B. fragilis),1.00E+06,12-3*01,12-4*01,5C0A,AMRGDSSYKLI,ASSLWEKLAKNIQY,1364,37,63,43,600,[20]
HLA-A*02:01,RQFGPDFPTI (C. asparagiforme),1.00E+06,12-3*01,12-4*01,5C0B,AMRGDSSYKLI,ASSLWEKLAKNIQY,1672,43,57,33,0.5,[20]
HLA-A*02:01,RQFGPDWIVA (synthetic),1.00E+06,12-3*01,12-4*01,5C0C,AMRGDSSYKLI,ASSLWEKLAKNIQY,1681,43,57,37,44.4,[20]
H2-Db,ASNENMETM (Influenza),NP2-B17,14-1*01,17*01,5SWS,AASEGSGSWQLI,ASSAGLDAEQY,1900,28,72,17,30,[15]
HLA-E*01:03,VMAPRTLIL (CMV),GF4,35*02,9*01,5W1V,AGQPLGGSNYKLT,ASSANPGDSSNEKLF,2129,49,51,21,37.4,[116]
HLA-A*11:01,GTSGSPIVNR (Dengue),D30,30*01,11-2*01,5WKF,GLGDAGNMLT,ASSLGQGLLYGYT,1769,31,69,25,136,[10]
H2-Db,SQLLNAKYL (Malaria),NB1,8-2*01,13-3*01,5WLG,ATVYAQGLT,ASSDWGDTGQLY,2168,61,39,24,19,[29]
HLA-B*35:01,IPLTEEAEL (HIV),TU55,TRDV1*01,6-1*01,5XOT,ALGEGGAQKLV,ASRTRGGTLIEQY,1964,50,50,28,0.27,[18]
HLA-A*24:02,RYPLTFGWCF (HIV),S19-2,TRDV1*01,30*01,5XOV,ALGELARSGGYQKVT,AWSVSVGAGVPTIY,1818,75,25,34,1.6,[18]
HLA-A*02:01,GILGFVFTL (Influenza),LS01,24*01,19*01,5ISZ,AFDTNAGKST,ASSIFGQREQY,1842,34,66,29,30,[35]
HLA-A*02:01,GILGFVFTL (Influenza),LS10,38-2/DV8*01,19*01,5JHD,AWGVNAGGTSYGKLT,ASSIGVYGYT,1972,47,53,24,32,[35]
HLA-A*02:01,KLVALGINAV (HCV),1406,38-2/DV8*01,25-1*01,5JZI,AYGEDDKII,ASRRGPYEQY,2082,55,45,32,16,[46]
HLA-A*02:01,ILAKFLHWL (self),ILA1,22*01,6-5*01,5MEN,AVDSATSGTYKYI,ASSYQGTEAF,2276,61,39,33,48,[117]
HLA-A*02:01,SLYNTVATL (HIV),868,12-2*01,5-6*01,5NME,AVRTNSGYALN,ASSDTVSYEQY,2118,56,44,24,0.082,[118]
HLA-A*02:01,GILGFVFTL (Influenza),F50,13-1*02,27*01,5TEZ,AASFIIQGAQKLV,ASSLLGGWSEAF,1745,47,53,25,76,[36]
H2-Db,KAVYNFATM (LCMV),P14,14D-1*01,13-3*01,5TJE,AALYGNEKIT,ASSDAGGRNTLY,1582,49,51,19,ND,[119]
HLA-A*02:01,EAAGIGILTV (MART-1),199.54-16,12-2*02,19*01,5NHT,AVGGGADGLT,ASSQGLAGAGELF,1792,51,49,30,ND,[NA]
HLA-A*02:01,KLVALGINAV (HCV),TCR,38-1*01,25-1*01,5YXN,AYGEDDKII,ASRRGPYEQY,2195,56,44,31,ND,[NA]
HLA-A*02:01,SMLGIGIVPV (synthetic),DMF5,12-2*01,6-4*01,6AM5,AVNFGGGKLI,ASSLSFGTEAF,2049,57,43,25,43,[16]
HLA-A*02:01,MMWDRGLGMM (synthetic),DMF5,12-2*01,6-4*01,6AMU,AVNFGGGKLI,ASSLSFGTEAF,1719,55,45,31,32,[16]
HLA-B*07:02,APRGPHGGAASGL (NY-ESO-1),KFJ5,4*01,28*01,6AVF,LVGEILDNFNK,ASSQRQEGDTQY,1574,75,25,39,>200,[11]
HLA-B*07:02,APRGPHGGAASGL (NY-ESO-1),KFJ37,4*01,9*01,6AVG,LVVDQKLV,ASSGGHTGSNEQF,2341,44,56,36,41,[11]
HLA-B*35:01,IPLTEEAEL (HIV),TCR589,19*01,5-4*01,6BJ2,ALSHNSGGSNYKLT,ASSFRGGKTQY,2110,58,42,28,4,[76]
HLA-A*02:01,ELAGIGILTV (MART-1),5F3,TRDV1*01,TRGV8*01,6D7G,ATWASSDWIKT,ALGELGWDTDKLI,1888,57,43,16,2.9,[19]
HLA-B*37:01,FEDLRVLSF (Influenza),EM2,30*01,19*01,6MTM,GTERSGGYQKVT,ASSMSAMGTEAF,1786,40,60,23,137,[12]
H2-Db,KAPYDYAPI (self),P14,14D-1*01,13-3*01,6G9Q,AALYGNEKIT,ASSDAGGRNTLY,1602,52,48,31,ND,[NA]
HLA-A*02:06,KQWLVWLFL (TIL),302TIL,38-2/DV8*01,12-3*01,6P64,AFMDSNYQLI,ASSRTSPTDTQYF,1658,69,31,43,ND,[13]
HLA-A*02:01,SLSKILDTV (NY-BR-1),NYBR,22*01,11-2*01,6R2L,AVGGNDWNTDKLIF,ASSPLDVSISSYNEQFF,2569,63,37,25,ND,[NA]
HLA-A*02:01,SLLMWITQV (NY-ESO-1),NYE_S1,12-2*01,6-5*01,6RPB,AVKSGGSYIPT,ASSYLNRDSALD,1841,28,72,36,7,[86]
HLA-A*02:01,RMFPNAPYL (WT1),a7b2,26-1*01,7-9*03,6RSY,IGGGTTSGTYKYIF,ASSLGFGRDVMRF,2206,45,55,26,0.07,[120]
HLA-C*08:02,GADGVGKSAL (TIL),TCR10,12-02*01,10-2*01,6UON,AAAMDSSYKLIF,ASSDPGTEAFF,1529,67,33,20,6.7,[14]
HLA-A*02:01,HMTEVVRHC (p53),38-10,38-1*01,10-3*01,6VRN,AFMGYSGAGSYQLTF,AISELVTGDSPLHF,1736,58,42,40,39.9,[121]
HLA-B*07:02,RPPIFIRRL (EBV),HD14,24*01,4-1*01,6VMX,AFGSSNTGKLI,ASSQDLFTGGYT,1756,55,45,35,1.21,[122]
HLA-A*02:01,SLLMWITQV (NY-ESO-1),NYE_S3,12-2*01,7-6*01,6RP9,ALTRGPGNQFY,ASSSPGGVSTEAF,1335,31,69,44,>82,[86]
HLA-A*02:01,SLLMWITQV (NY-ESO-1),NYE_S2,3*01,29-1*01,6RPA,AVRDINSGAGSYQLT,SVGGSGGADTQY,2230,42,58,30,7.1,[86]
HLA-A*02:01,GVYDGREHTV (MAGE-4),GVY01,10*01,28*01,6TRO,VVNHSGGSYIPTF,ASSFLMSGDPYEQYF,1798,68,32,25,0.19,[123]
HLA-A*02:01,HMTEVVRHC (p53),1a2,12-3*01,27*01,6VQO,AMSGLKEDSSYKLIF,CASSIQQGADTQYF,1462,72,28,43,16.2,[121]
HLA-A*02:01,HMTEVVRHC (p53),6-Dec,12-1*01,6-1*01,6VRM,VVQPGGYQKVTF,ASSEGLWQVGDEQYF,1588,50,50,37,1.1,[121]
