"Gene","CDR1","CDR2","CDR2.5","CDR3","whole"
"TRAV1-1*01","TSGFYG","NALDGL","SRSDSY","AVR","GQSLEQPSEVTAVEGAIVQINCTYQTSGFYGLSWYQQHDGGAPTFLSYNALDGLEETGRFSSFLSRSDSYGYLLLQELQMKDSASYFCAVR"
"TRAV1-1*02","TSGFYG","NGLDGL","SRSDSY","A","GQSLEQPSEVTAVEGAIVQINCTYQTSGFYGLSWYQQHDGGAPTFLSYNGLDGLEETGRFSSFLSRSDSYGYLLLQELQMKDSASYFCA"
"TRAV1-2*01","TSGFNG","NVLDGL","SRSKGY","AVR","GQNIDQPTEMTATEGAIVQINCTYQTSGFNGLFWYQQHAGEAPTFLSYNVLDGLEEKGRFSSFLSRSKGYSYLLLKELQMKDSASYLCAVR"
"TRAV1-2*02","TSGFNG","NVLDGL",NA,NA,"GQNIDQPTEMTATEGAIVQINCTYQTSGFNGLFWYQQHAGEAPTFLSYNVLDGLEEKG"
"TRAV1-2*03","TSGFNG","NVLDGL","SRSKGY","AVR","GQNIDQPTEMTATEGAIVQINCTYQTSGFNGLFWYQQHAGEAPTFLSYNVLDGLEEKGRFSSFLSRSKGYSYLLLKELQMKDSASYLCAVR"
"TRAV10*01","VSPFSN","MTFSENT","DADTKQ","VVS","KNQVEQSPQSLIILEGKNCTLQCNYTVSPFSNLRWYKQDTGRGPVSLTIMTFSENTKSNGRYTATLDADTKQSSLHITASQLSDSASYICVVS"
"TRAV10*02","VSPFSN","MTFSENT","DADTKQ","VVS","KNQVEQSPQSLIILEGKNCTLQCNYTVSPFSNLRWYKQDTGRGPVSLTIMTFSENTKSNGRYTATLDADTKQSSLHITASQLSDSASYICVVS"
"TRAV12-1*01","NSASQS","VYSSGN","NRASQY","VVN","RKEVEQDPGPFNVPEGATVAFNCTYSNSASQSFFWYRQDCRKEPKLLMSVYSSGNEDGRFTAQLNRASQYISLLIRDSKLSDSATYLCVVN"
"TRAV12-1*02","NSASQS","VYSSGN","NRASQY","VVN","RKEVEQDPGPFNVPEGATVAFNCTYSNSASQSFFWYRQDCRKEPKLLMSVYSSGNEDGRFTAHVNRASQYISLLIRDSKLSDSATYLCVVN"
"TRAV12-2*01","DRGSQS","IYSNGD","NKASQY","AVN","QKEVEQNSGPLSVPEGAIASLNCTYSDRGSQSFFWYRQYSGKSPELIMFIYSNGDKEDGRFTAQLNKASQYVSLLIRDSQPSDSATYLCAVN"
"TRAV12-2*02","DRGSQS","IYSNGD","NKASQY","AV","QKEVEQNSGPLSVPEGAIASLNCTYSDRGSQSFFWYRQYSGKSPELIMSIYSNGDKEDGRFTAQLNKASQYVSLLIRDSQPSDSATYLCAV"
"TRAV12-2*03","DRVSQS","IYSNGD","NKASQY","AVN","GPLSVPEGAIASLNCTYSDRVSQSFFWYRQYSGKSPELIMSIYSNGDKEDGRFTAQLNKASQYVSLLIRDSQPSDSATYLCAVN"
"TRAV12-3*01","NSAFQY","TYSSGN","DKSSKY","AMS","QKEVEQDPGPLSVPEGAIVSLNCTYSNSAFQYFMWYRQYSRKGPELLMYTYSSGNKEDGRFTAQVDKSSKYISLFIRDSQPSDSATYLCAMS"
"TRAV12-3*02","NSAFQY","TYSSGN","DKSSKY","AMS","QKEVEQDPGPLSVPEGAIVSLNCTYSNSAFQYFMWYRQYSRIGPELLMYTYSSGNKEDGRFTAQVDKSSKYISLFIRDSQPSDSATYLCAMS"
"TRAV13-1*01","DSASNY","IRSNVGE","NKTAKH","AAS","GENVEQHPSTLSVQEGDSAVIKCTYSDSASNYFPWYKQELGKGPQLIIDIRSNVGEKKDQRIAVTLNKTAKHFSLHITETQPEDSAVYFCAAS"
"TRAV13-1*02","DSASNY","IRSNVGE","NKTAKH","AAS","GENVEQHPSTLSVQEGDSAVIKCTYSDSASNYFPWYKQELGKRPQLIIDIRSNVGEKKDQRIAVTLNKTAKHFSLHITETQPEDSAVYFCAAS"
"TRAV13-1*03","DSASNY","IRSNVGE","NKTAKH",NA,"GENVEQHPSTLSVQEGDSAVIKCTYSDSASNYFPWYKQELGKRPQLIIDIRSNVGEKKDQRIAVTLNKTAKHFSLQIT"
"TRAV13-2*01","NSASDY","IRSNMDK","NKTVKH","AEN","GESVGLHLPTLSVQEGDNSIINCAYSNSASDYFIWYKQESGKGPQFIIDIRSNMDKRQGQRVTVLLNKTVKHLSLQIAATQPGDSAVYFCAEN"
"TRAV13-2*02","NSASDY","IRSNMDK","NKTVKH","AE","GESVGLHLPTLSVQEGDNSIINCAYSNSASDYFIWYKQESGKGPQFIIDIRSNMDKRQGQRVTVLLNKTVKHLSLQIAATQPGDSAVYFCAE"
"TRAV14/DV4*01","TSDPSYG","QGSYDQQN","QKARKS","AMRE","AQKITQTQPGMFVQEKEAVTLDCTYDTSDPSYGLFWYKQPSSGEMIFLIYQGSYDQQNATEGRYSLNFQKARKSANLVISASQLGDSAMYFCAMRE"
"TRAV14/DV4*02","TSDQSYG","QGSYDEQN","QKARKS","AMRE","AQKITQTQPGMFVQEKEAVTLDCTYDTSDQSYGLFWYKQPSSGEMIFLIYQGSYDEQNATEGRYSLNFQKARKSANLVISASQLGDSAMYFCAMRE"
"TRAV14/DV4*03","TSDPSYG","QGSYDQQN","QKARKS","AM","AQKITQTQPGMFVQEKEAVTLDCTYDTSDPSYGLFWYKQPSSGEMIFLIYQGSYDQQNATEGRYSLNFQKARKSANLVISASQLGDSAMYFCAM"
"TRAV14/DV4*04","TSDQSYG","QGSYDEQN","QKARKS",NA,"QKITQTQPGMFVQEKEAVTLDCTYDTSDQSYGLFWYKQPSSGEMIFLIYQGSYDEQNATEGRYSLNFQKARKSANLVISASQLGDSAMYF"
"TRAV16*01","YSGSPE","HISR","NKGETS","ALS","AQRVTQPEKLLSVFKGAPVELKCNYSYSGSPELFWYVQYSRQRLQLLLRHISRESIKGFTADLNKGETSFHLKKPFAQEEDSAMYYCALS"
"TRAV17*01","TSINN","IRSNERE","DTSKKS","ATD","SQQGEEDPQALSIQEGENATMNCSYKTSINNLQWYRQNSGRGLVHLILIRSNEREKHSGRLRVTLDTSKKSSSLLITASRAADTASYFCATD"
"TRAV18*01","SSYSTF","SSENQE","IKSDSS","ALR","GDSVTQTEGPVTLPERAALTLNCTYQSSYSTFLFWYVQYLNKEPELLLKSSENQETDSRGFQASPIKSDSSFHLEKPSVQLSDSAVYYCALR"
"TRAV19*01","TRDTTYY","RNSFDEQN","QKSTSS","ALSE","AQKVTQAQTEISVVEKEDVTLDCVYETRDTTYYLFWYKQPPSGELVFLIRRNSFDEQNEISGRYSWNFQKSTSSFNFTITASQVVDSAVYFCALSE"
"TRAV2*01","VSNAYN","GSKP","ERFS","AVE","KDQVFQPSTVASSEGAVVEIFCNHSVSNAYNFFWYLHFPGCAPRLLVKGSKPSQQGRYNMTYERFSSSLLILQVREADAAVYYCAVE"
"TRAV2*02","VSNAYN","GSKP","ERFS","AVAW","KDQVFQPSTVASSEGAVVEIFCNHSVSNAYNFFWHLHFPGCAPRLLVKGSKPSQQGRYNMTYERFSSSLLILQVREADAAVYYCAVAW"
"TRAV20*01","VSGLRG","LYSAGEE","TKKE","AVQ","EDQVTQSPEALRLQEGESSSLNCSYTVSGLRGLFWYRQDPGKGPEFLFTLYSAGEEKEKERLKATLTKKESFLHITAPKPEDSATYLCAVQ"
"TRAV20*02","VSGLRG","LYSAGEE","TKKE","AVQ","EDQVTQSPEALRLQEGESSSLNCSYTVSGLRGLFWYRQDPGKGPEFLFTLYSAGEEKEKERLKATLTKKESFLHITAPKPEDSATYLCAVQ"
"TRAV20*03","VSGLRG","LYSAGEE","TKKE",NA,"EDQVTQSPEALRLQEGESRSLNCSYTVSGLRGLFWYRQDPGKGPEFLFTLYSAGEEKEKERLKATLTKKESFLHITAPKPEDSATYLC"
"TRAV20*04","VSGLRG","LYSAGEE","TKKE","A","EDQVTQSPEALRLQEGESSSLNCSCTVSGLRGLFWYRQDPGKGPEFLFTLYSAGEEKEKERLKATLTKKESFLHITAPKPEDSATYLCA"
"TRAV21*01","DSAIYN","IQSSQRE","DKSSGR","AVR","KQEVTQIPAALSVPEGENLVLNCSFTDSAIYNLQWFRQDPGKGLTSLLLIQSSQREQTSGRLNASLDKSSGRSTLYIAASQPGDSATYLCAVR"
"TRAV21*02","DSAIYN","IQSSQRE","DKSSGR","A","KQEVTQIPAALSVPEGENLVLNCSFTDSAIYNLQWFRQDPGKGLTSLLLIQSSQREQTSGRLNASLDKSSGRSTLYIAASQPGDSATYLCA"
"TRAV22*01","DSVNN","IPSGT","VATERY","AVE","GIQVEQSPPDLILQEGANSTLRCNFSDSVNNLQWFHQNPWGQLINLFYIPSGTKQNGRLSATTVATERYSLLYISSSQTTDSGVYFCAVE"
"TRAV23/DV6*01","NTAFDY","IRPDVSE","NKSAKQ","AAS","QQQVKQSPQSLIVQKGGISIINCAYENTAFDYFPWYQQFPGKGPALLIAIRPDVSEKKEGRFTISFNKSAKQFSLHIMDSQPGDSATYFCAAS"
"TRAV23/DV6*02","NTAFDY","IRPDVSE","NKSAKQ","AAS","QQQVKQSPQSLIVQKGGIPIINCAYENTAFDYFPWYQQFPGKGPALLIAIRPDVSEKKEGRFTISFNKSAKQFSLHIMDSQPGDSATYFCAAS"
"TRAV23/DV6*03","NTAFDY","IRPDVSE","NKSAKQ","AAS","QQQVKQSPQSLIVQKGGISIINCAYENTAFDYFPWYQQFPGKGPALLIAIRPDVSEKKEGRFTISFNKSAKQFSLHIMDSQPGDSATYFCAAS"
"TRAV23/DV6*04","NTAFDY","IRPDVSE","NKSAKQ",NA,"QQVKQSPQSLIVQKGGISIINCAYENTAFDYFPWYQQFPGKGPALLIAIRPDVSEKKEGRFTISFNKSAKQFSLHIMDSQPGDSATYFC"
"TRAV23/DV6*05","NTAFDY","IRPDVSE","NKSAKQ","AAS","QQQVKQSPQSLIVQKGGISIINCAYENTAFDYFPWYQQFPGKGPALLIAIRPDVSEKKEGRFTISFNKSAKQFSSHIMDSQPGDSATYFCAAS"
"TRAV24*01","SSNFYA","MTLNGDE","NTKEGY","AF","ILNVEQSPQSLHVQEGDSTNFTCSFPSSNFYALHWYRWETAKSPEALFVMTLNGDEKKKGRISATLNTKEGYSYLYIKGSQPEDSATYLCAF"
"TRAV24*02","SSNFYA","MTLNGDE","NTKEGY","AF","ILNVEQGPQSLHVQEGDSTNFTCSFPSSNFYALHWYRWETAKTPEALFVMTLNGDEKKKGRISATLNTKEGYSYLYIKGSQPEDSATYLCAF"
"TRAV25*01","TTLSN","LVKSGEV","GEAKKN","AG","GQQVMQIPQYQHVQEGEDFTTYCNSSTTLSNIQWYKQRPGGHPVFLIQLVKSGEVKKQKRLTFQFGEAKKNSSLHITATQTTDVGTYFCAG"
"TRAV26-1*01","TISGNEY","GLKNN","TEDRKS","IVRV","DAKTTQPPSMDCAEGRAANLPCNHSTISGNEYVYWYRQIHSQGPQYIIHGLKNNETNEMASLIITEDRKSSTLILPHATLRDTAVYYCIVRV"
"TRAV26-1*02","TISGNEY","GLKNN","TEDRKS","IVRV","DAKTTQPTSMDCAEGRAANLPCNHSTISGNEYVYWYRQIHSQGPQYIIHGLKNNETNEMASLIITEDRKSSTLILPHATLRDTAVYYCIVRV"
"TRAV26-1*03","TISGNEY","GLKNN","TEDRKS","I","DAKTTQPPSMDCAEGRAANLPCNHSTISGNEYVYWYRQIHSQGPQNIIHGLKNNETNEMASLIITEDRKSSTLILPHATLRDTAVYYCI"
"TRAV26-2*01","TISGTDY","GLTSN","AEDRKS","ILRD","DAKTTQPNSMESNEEEPVHLPCNHSTISGTDYIHWYRQLPSQGPEYVIHGLTSNVNNRMASLAIAEDRKSSTLILHRATLRDAAVYYCILRD"
"TRAV26-2*02","TISGTDY","GLTSN","AEDRKS",NA,"DAKTTQPNSMESNEEEPVHLPCNHSTISGTDYIHWYRQLPSQGPEYVIHGLTSNVNNRMACVAIAEDRKSST"
"TRAV27*01","SVFSS","VVTGGEV","GDARKD","AG","TQLLEQSPQFLSIQEGENLTVYCNSSSVFSSLQWYRQEPGEGPVLLVTVVTGGEVKKLKRLTFQFGDARKDSSLHITAAQPGDTGLYLCAG"
"TRAV27*02","SVFSS","VVTGGEV","GDARKD","A","TQLLEQSPQFLSIQEGENLTVYCNSSSVFSSLQWYRQEPGEGPVLLVTVVTGGEVKKLKRLTFQFGDARKDSSLHITAAQPGDTGHYLCA"
"TRAV27*03","SVFSS","VVTGGEV","GDARKD","AG","TQLLEQSPQFLSIQEGENLTVYCNSSSVFSSLQWYRQEPGEGPVLLVTVVTGGEVKKLKRLTFQFGDARKDSSLHITAAQTGDTGLYLCAG"
"TRAV29/DV5*01","NSMFDY","ISSIKDK","NKSAKH","AAS","DQQVKQNSPSLSVQEGRISILNCDYTNSMFDYFLWYKKYPAEGPTFLISISSIKDKNEDGRFTVFLNKSAKHLSLHIVPSQPGDSAVYFCAAS"
"TRAV29/DV5*02","NSMFDY","ISSIKDK","NKSAKH","AAS","DQQVKQNSPSLSVQEGRISILNCDYTNSMFDYFLWYKKYPAEGPTFLISISSIKDKNEDGRFTVFLNKSAKHLSLDIVPSQPGDSAVYFCAAS"
"TRAV29/DV5*04","NSMFDY","ISSIKDK","NKSAKH","AAS","DQQVKQNSPSLSVQEGRISILNCDYTNSMFDYFLWYKKYPAEGPTFLISISSIKDKNEDGRFTVFLNKSAKHLSLHIVPSQPGDSAVYFCAAS"
"TRAV3*01","VSGNPY","YITGDNLV","NKSQTS","AVRD","AQSVAQPEDQVNVAEGNPLTVKCTYSVSGNPYLFWYVQYPNRGLQFLLKYITGDNLVKGSYGFEAEFNKSQTSFHLKKPSALVSDSALYFCAVRD"
"TRAV30*01","KALYS","LLKGGEQ","NEKKQQ","GTE","QQPVQSPQAVILREGEDAVINCSSSKALYSVHWYRQKHGEAPVFLMILLKGGEQKGHEKISASFNEKKQQSSLYLTASQLSYSGTYFCGTE"
"TRAV30*02","KALYS","LLKGGEQ","NEKKQQ","G","QQPVQSPQAVILREGEDAVTNCSSSKALYSVHWYRQKHGEAPVFLMILLKGGEQMRREKISASFNEKKQQSSLYLTASQLSYSGTYFCG"
"TRAV30*03","KALYS","LLKGGEQ","NEKKRQ","G","QQPVQSPQAVILREGEDAVINCSSSKALYSVHWYRQKHGEAPVFLMILLKGGEQKGHEKISASFNEKKRQSSLYLTASQLSYSGTYFCG"
"TRAV30*04","KALYS","LLKGGEQ","NEKKQQ",NA,"QQPVQSPQAVILREGEDAVINCSSSKALYSVHWYRQKHGEAPVFLMILLKGGEQKRHEKISASFNEKKQQSSLYLT"
"TRAV30*05","KALYS","LLKGGEQ","NEKKQQ","GTE","QQPVQSPQAVILREGEDAVINCSSSKALYSVHWYRQKHGEAPVFLMILLKGGEQKGHDKISASFNEKKQQSSLYLTASQLSYSGTYFCGTE"
"TRAV34*01","KTLYG","LQKGGEE","DEKKQQ","GAD","SQELEQSPQSLIVQEGKNLTINCTSSKTLYGLYWYKQKYGEGLIFLMMLQKGGEEKSHEKITAKLDEKKQQSSLHITASQPSHAGIYLCGAD"
"TRAV35*01","SIFNT","LYKAGEL","GITRKD","AGQ","GQQLNQSPQSMFIQEGEDVSMNCTSSSIFNTWLWYKQEPGEGPVLLIALYKAGELTSNGRLTAQFGITRKDSFLNISASIPSDVGIYFCAGQ"
"TRAV35*02","SIFNT","LYKAGEL","GITRKD","A","GQQLNQSPQSMFIQEGEDVSMNCTSSSIFNTWLWYKQDPGEGPVLLIALYKAGELTSNGRLTAQFGITRKDSFLNISASIPSDVGIYFCA"
"TRAV35*03","SIFNT","LYKAGEL","GITRKD","AGQ","GQQLNQSPQSMFTQEGEDVSMNCTSSSIFNT*LWYKQDPGEGPVLLIALYKAGELTSNGRLTAQFGITRKDSFLNISASIPSDVGIYFCAGQ"
"TRAV36/DV7*01","VTNFRS","LTSSGIE","DKKELS","AVE","EDKVVQSPLSLVVHEGDTVTLNCSYEVTNFRSLLWYKQEKKAPTFLFMLTSSGIEKKSGRLSSILDKKELSSILNITATQTGDSAIYLCAVE"
"TRAV36/DV7*02","MTNFRS","LTSSGIE","DKKELF","AV","EDKVVQSPQSLVVHEGDTVTLNCSYEMTNFRSLQWYKQEKKAPTFLFMLTSSGIEKKSGRLSSILDKKELFSILNITATQTGDSAVYLCAV"
"TRAV36/DV7*03","VTNFRS","LTSSGIE","DKKELF","A","EDKVVQSPLSLVVHEGDTVTPNCSYEVTNFRSLLWYKQEKKAPTFLFMLTSSGIEKKSGRLSSILDKKELFSILNITATQTGDSAVYLCA"
"TRAV36/DV7*04","VTNFRS","LTSSGIE","DKKELF","A","EDKVVQSPLSLVVHEGDTVTLNCSYEVTNFRSLLWYKQEKKAPTFLFMLTSSGIEKKSGRLSSILDKKELFSILNITATQTGDSAVYLCA"
"TRAV36/DV7*05","VTNFRS","LTSSGIE","DKKELF","AVE","EDKVVQSPLSLVVHEGDTVTLNCSYEVTNFRSLLWYKQEKKAPTFLFMLTSSGIEKKSGRLSSILDKKELFSILNITATQTGDSAIYLCAVE"
"TRAV38-1*01","TSENNYY","QEAYKQQN","QKAAKS","AFMK","AQTVTQSQPEMSVQEAETVTLSCTYDTSENNYYLFWYKQPPSRQMILVIRQEAYKQQNATENRFSVNFQKAAKSFSLKISDSQLGDTAMYFCAFMK"
"TRAV38-1*02","TSENDYY","QEAYKQQN","QKAAKS","A","AQTVTQSQPEMSVQEAETVTLSCTYDTSENDYYLFWYKQPPSRQMILVIRQEAYKQQNATENRFSVNFQKAAKSFSLKISDSQLGDTAMYFCA"
"TRAV38-1*03","TSESNYY","QEAYKQQN","QKAAKS","AF","AQTVTQSQPEMSVQEAETVTLSCTYDTSESNYYLFWYKQPPSRQMILVIRQEAYKQQNATENRFSVNFQKAAKSFSLKISDSQLGDTAMYFCAF"
"TRAV38-1*04","TSENNYY","QEAYKQQN","QKAAKS","A","AQTVTQSQPEMSVQEAETVTLSCTYDTSENNYYLFWYKQPPSRQMILVIRQEAYKQQNATENRFSVNFQKAAKSFSLKISDSQLGDTAMYFCA"
"TRAV38-2/DV8*01","TSESDYY","QEAYKQQN","QKAAKS","AYRS","AQTVTQSQPEMSVQEAETVTLSCTYDTSESDYYLFWYKQPPSRQMILVIRQEAYKQQNATENRFSVNFQKAAKSFSLKISDSQLGDAAMYFCAYRS"
"TRAV39*01","TTSDR","LLSNGAV","DTKARL","AVD","ELKVEQNPLFLSMQEGKNYTIYCNYSTTSDRLYWYRQDPGKSLESLFVLLSNGAVKQEGRLMASLDTKARLSTLHITAAVHDLSATYFCAVD"
"TRAV4*01","NIATNDY","GYKTK","PADRKS","LVGD","LAKTTQPISMDSYEGQEVNITCSHNNIATNDYITWYQQFPSQGPRFIIQGYKTKVTNEVASLFIPADRKSSTLSLPRVSLSDTAVYYCLVGD"
"TRAV40*01","STGYPT","ETME","KDKN","LLG","SNSVKQTGQITVSEGASVTMNCTYTSTGYPTLFWYVEYPSKPLQLLQRETMENSKNFGGGNIKDKNSPIVKYSVQVSDSAVYYCLLG"
"TRAV41*01","VGISA","LSSGK","NIQEKH","AVR","KNEVEQSPQNLTAQEGEFITINCSYSVGISALHWLQQHPGGGIVSLFMLSSGKKKHGRLIATINIQEKHSSLHITASHPRDSAVYICAVR"
"TRAV5*01","DSSSTY","IFSNMDM","NKKDKH","AES","GEDVEQSLFLSVREGDSSVINCTYTDSSSTYLYWYKQEPGAGLQLLTYIFSNMDMKQDQRLTVLLNKKDKHLSLRIADTQTGDSAIYFCAES"
"TRAV6*01","NYSPAY","IRENEKE","DTTLKQ","ALD","SQKIEQNSEALNIQEGKTATLTCNYTNYSPAYLQWYRQDPGRGPVFLLLIRENEKEKRKERLKVTFDTTLKQSLFHITASQPADSATYLCALD"
"TRAV6*02","NYSPAY","IRENEKE","DTTLKQ","A","SQKIEQNSEALNIQEGKTATLTCNYTNYSPAYLQWYRQDPGRGPVFLLLIRENEKEKRKERLKVTFDTTLKQSLFHITASQPADSATYLCA"
"TRAV6*03","NYSPAY","IRENEKE","DTTLKQ","A","EALNIQEGKTATLTCNYTNYSPAYLQWYRQDPGRGPVFLLLIRENEKEKRKERLKVTFDTTLKQSLFHITASQPADSATYLCA"
"TRAV6*04","NYSPAY","IRENEKE","DTTLKQ","A","EALNIQEGKTATLTCNYTNYSPAYLQWYRQDPGRGPVFLLLIRENEKEKRKERLKVTFDTTLKQSLFHVTASQPADSATYLCA"
"TRAV6*05","NYSPAY","IRENEKE","DTTLKQ","A","EALNIQEGKTATLTCNYTNYSPAYLQWYRQDPGRGPVFLLLIRENEKEKRKERLKVTFDTTLKQSLFHITASQPADSATYLCA"
"TRAV6*06","NYSPAY","IRENEKE","DTTLNQ",NA,"SQKIEQNSEALNIQEGKTATLTCNYTNYSPAYLQWYRQDPGRGPVFLLLIRENEKEKRKERLKVTFDTTLNQ"
"TRAV6*07","NYSPAY","IRENEKE","DTTLKQ","ALD","SQKIEQNSEALNIQEGKTATLTCNYTNYSPAYLQWYRQDPGRGPVFLLLIRENEKEKRKERLKVTFDTTLKQSLFHITASQPADSATYLCALD"
"TRAV7*01","VSRFNN","MYSAGYE","LKNG","AVD","ENQVEHSPHFLGPQQGDVASMSCTYSVSRFNNLQWYRQNTGMGPKHLLSMYSAGYEKQKGRLNATLLKNGSSLYITAVQPEDSATYFCAVD"
"TRAV8-1*01","YGGTVN","YFSGDPLV","IKSKFS","AVN","AQSVSQHNHHVILSEAASLELGCNYSYGGTVNLFWYVQYPGQHLQLLLKYFSGDPLVKGIKGFEAEFIKSKFSFNLRKPSVQWSDTAEYFCAVN"
"TRAV8-1*02","YGGTVN","YFSGDPLV","IKSKFS",NA,"AQSVSQHNHHVILSEAASLELGCNYSYGGTVNLFWYVQYPGQHLQLLLKYFSGDPLVKGIKGVEAEFIKSKFSFNLRKPSVQW"
"TRAV8-2*01","SSYSPS","YTSAATLV","KKSETS","VVS","AQSVTQLDSHVSVSEGTPVLLRCNYSSSYSPSLFWYVQHPNKGLQLLLKYTSAATLVKGINGFEAEFKKSETSFHLTKPSAHMSDAAEYFCVVS"
"TRAV8-2*02","SSYSPS","YTSAATLV","KKSETS","VV","AQSVTQLSSHVSVSEGTPVLLRCNYSSSYSPSLFWYVQHPNKGLQLLLKYTSAATLVKGINGFEAEFKKSETSFHLTKPSAHMSDAAEYFCVV"
"TRAV8-2*03","SSYSPS","YTSAATLV","KKSETS","VVS","AQSVTQLDSHVSVSEGTPVLLRCNYSSSYSPSLFWYVQHPNKGLQLLLKYTSAATLVKGINGFEAEFKKSETSFHLTKPSAHMSDAAEYFCVVS"
"TRAV8-3*01","YGATPY","YFSGDTLV","KRSQSS","AVG","AQSVTQPDIHITVSEGASLELRCNYSYGATPYLFWYVQSPGQGLQLLLKYFSGDTLVQGIKGFEAEFKRSQSSFNLRKPSVHWSDAAEYFCAVG"
"TRAV8-3*02","YGATPY","YFSGDTLV","KRSQSS","AVV","AQSVTQPDIHITVSEGASLELRCNYSYGATPYLFWYVQSPGQGLQLLLKYFSGDTLVQGIKGFEAEFKRSQSSFNLRKPSVHWSDAAEYFCAVV"
"TRAV8-3*03","YGATPY","YFSGDTLV","KRSQSS","A","AQSVTQPDIHITVSEGASLELRCNYSYGATPYLFWYVQSPGQGLQLLLKYFSGDTLVQGIKGFEAEFKRSQSSFNLRKPSVHWSDASEYFCA"
"TRAV8-4*01","SSVPPY","YTSAATLV","KKSETS","AVS","AQSVTQLGSHVSVSEGALVLLRCNYSSSVPPYLFWYVQYPNQGLQLLLKYTSAATLVKGINGFEAEFKKSETSFHLTKPSAHMSDAAEYFCAVS"
"TRAV8-4*02","SSVPPY","YTSAATLV","KKSETS","AVS","AQSVTQLGSHVSVSEGALVLLRCNYSSSVPPYLFWYVQYPNQGLQLLLKYTSAATLVKGINGFEAEFKKSETSFHLTKPSAHMSDAAEYFCAVS"
"TRAV8-4*03","SSVPPY","YTTGATLV","KKSETS","A","AQSVTQLGSHVSVSEGALVLLRCNYSSSVPPYLFWYVQYPNQGLQLLLKYTTGATLVKGINGFEAEFKKSETSFHLTKPSAHMSDAAEYFCA"
"TRAV8-4*04","SSVPPY","YTSAATLV","KKSETS","AVS","AQSVTQLGSHVSVSERALVLLRCNYSSSVPPYLFWYVQYPNQGLQLLLKYTSAATLVKGINGFEAEFKKSETSFHLTKPSAHMSDAAEYFCAVS"
"TRAV8-4*05","SSVPPY","YTSAATLV","KKSETS","AVS","AQSVTQLGSHVSVSEGALVLLRCNYSSSVPPYLFWYVQYPNQGLQLLLKYTSAATLVKGINGFEAEFKKSETSFHLTKPSAHMSDAAEYFCAVS"
"TRAV8-4*06","YCCPPI","YTSAATLV","KKSETS","AVS","GATHYCCPPILFWYVQYPNQGLQLLLKYTSAATLVKGINGFEAEFKKSETSFHLTKPAAHMSDAAEYFCAVS"
"TRAV8-4*07","VEPY","YTTGATLV","KKSETS","AV","VEPYLFWYVQYPNQGLQLLLKYTTGATLVKGINGFEAEFKKSETSFHLTKPSAHMTDPAEYFCAV"
"TRAV8-6*01","SSVSVY","YLSGSTLV","NKSQTS","AVS","AQSVTQLDSQVPVFEEAPVELRCNYSSSVSVYLFWYVQYPNQGLQLLLKYLSGSTLVESINGFEAEFNKSQTSFHLRKPSVHISDTAEYFCAVS"
"TRAV8-6*02","SSVSVY","YLSGSTLV","NKSQTS","AVS","AQSVTQLDSQVPVFEEAPVELRCNYSSSVSVYLFWYVQYPNQGLQLLLKYLSGSTLVKGINGFEAEFNKSQTSFHLRKPSVHISDTAEYFCAVS"
"TRAV9-1*01","TTQYPS","AMKANDK","RKETTS","ALS","GDSVVQTEGQVLPSEGDSLIVNCSYETTQYPSLFWYVQYPGEGPQLHLKAMKANDKGRNKGFEAMYRKETTSFHLEKDSVQESDSAVYFCALS"
"TRAV9-2*01","ATGYPS","ATKADDK","RKETTS","ALS","GNSVTQMEGPVTLSEEAFLTINCTYTATGYPSLFWYVQYPGEGLQLLLKATKADDKGSNKGFEATYRKETTSFHLEKGSVQVSDSAVYFCALS"
"TRAV9-2*02","ATGYPS","ATKADDK","RKETTS","ALS","GDSVTQMEGPVTLSEEAFLTINCTYTATGYPSLFWYVQYPGEGLQLLLKATKADDKGSNKGFEATYRKETTSFHLEKGSVQVSDSAVYFCALS"
"TRAV9-2*03","ATGYPS","ATKADDK","RKETTS","A","GDSVTQMEGPVTLSEEAFLTINCTYTATGYPSLFWYVQYPGEGLQLLLKATKADDKGSNKGFEATYRKETTSFHLEKGSVQVSDSAVYFCA"
"TRBV10-1*01","WNHNN","SYGVQD","SNTED","ASSE","DAEITQSPRHKITETGRQVTLACHQTWNHNNMFWYRQDLGHGLRLIHYSYGVQDTNKGEVSDGYSVSRSNTEDLPLTLESAASSQTSVYFCASSE"
"TRBV10-1*02","WNHNN","SYGVHD","SNTED","ASSE","DAEITQSPRHKITETGRQVTLACHQTWNHNNMFWYRQDLGHGLRLIHYSYGVHDTNKGEVSDGYSVSRSNTEDLPLTLESAASSQTSVYFCASSE"
"TRBV10-2*01","WSHSY","SAAADI","SKTEN","ASSE","DAGITQSPRYKITETGRQVTLMCHQTWSHSYMFWYRQDLGHGLRLIYYSAAADITDKGEVPDGYVVSRSKTENFPLTLESATRSQTSVYFCASSE"
"TRBV10-2*02","WSHSY","SAAADI","SKTEN","ASSE","DAGITQSPRYKITETGRQVTLMCHQTWSHSYMFWYRQDLGHGLRLIYYSAAADITDKGEVPDGYVVSRSKTENFPLTLESATRSQTSVYFCASSE"
"TRBV10-3*01","ENHRY","SYGVKD","SKTED","AISE","DAGITQSPRHKVTETGTPVTLRCHQTENHRYMYWYRQDPGHGLRLIHYSYGVKDTDKGEVSDGYSVSRSKTEDFLLTLESATSSQTSVYFCAISE"
"TRBV10-3*02","ENHRY","SYGVKD","SKTED","AISE","DAGITQSPRHKVTETGTPVTLRCHQTENHRYMYWYRQDPGHGLRLIHYSYGVKDTDKGEVSDGYSVSRSKTEDFLLTLESATSSQTSVYFCAISE"
"TRBV10-3*03","ENHRY","SYGVKD","SKTED",NA,"DAGITQSPRHKVTETGTPVTLRCHQTENHRYMYWYRQDPGHGLRLIHYSYGVKDTDKGEVSDGYSVSRSKTEDFLLTLESATSSQTSVYFC"
"TRBV10-3*04","ENHRY","SYGVKD","SKTED",NA,"DAGITQSPRHKVTETGTPVTLRCHQTENHRYMYWYRQDPGHGLRLIHYSYGVKDTDKGEVSDGYSVSRSKTEDFLLTLESATSSQTSVYFC"
"TRBV11-1*01","SGHAT","FQDESV","LKGVD","ASSL","EAEVAQSPRYKITEKSQAVAFWCDPISGHATLYWYRQILGQGPELLVQFQDESVVDDSQLPKDRFSAERLKGVDSTLKIQPAELGDSAMYLCASSL"
"TRBV11-2*01","SGHAT","FQNNGV","LKGVD","ASSL","EAGVAQSPRYKIIEKRQSVAFWCNPISGHATLYWYQQILGQGPKLLIQFQNNGVVDDSQLPKDRFSAERLKGVDSTLKIQPAKLEDSAVYLCASSL"
"TRBV11-2*02","SGHAT","FQNNGV","LKGVD","ASS","EAGVAQSPRYKIIEKRQSVAFWCNPISGHATLYWYQQILGQGPKLLIQFQNNGVVDDSQLPKDRFSAERLKGVDSTLKIQPAKLENSAVYLCASS"
"TRBV11-2*03","SGHAT","FQNNGV","LKGVD","ASSL","EAGVAQSPRYKIIEKRQSVAFWCNPISGHATLYWYQQILGQGPKLLIQFQNNGVVDDSQLPKDRFSAERLKGVDSTLKIQPAKLEDSAVYLCASSL"
"TRBV11-3*01","SGHNT","YENEEA","LKGVD","ASSL","EAGVVQSPRYKIIEKKQPVAFWCNPISGHNTLYWYLQNLGQGPELLIRYENEEAVDDSQLPKDRFSAERLKGVDSTLKIQPAELGDSAVYLCASSL"
"TRBV11-3*02","SGHNT","YENEEA","LKGVD","ASS","EAGVVQSPRYKIIEKKQPVAFWCNPISGHNTLYWYRQNLGQGPELLIRYENEEAVDDSQLPKDRFSAERLKGVDSTLKIQPAELGDSAVYLCASS"
"TRBV11-3*03","SGHNT","YENEEA","LKGVD","ASS","SPRYKIIEKKQPVAFWCNPISGHNTLYWYLQNLGQGPELLIRYENEEAVDDSQLPKDRFSAERLKGVDSTLKIQPAELGDSAMYLCASS"
"TRBV11-3*04","SGHNT","YENEEA","LKGVD","ASSL","EAGVVQSPRYKIIEKKQPVAFWCNPISGHNTLYWYRQNLGQGPELLIRYENEEAVDDSQLPKDRFSAERLKGVDSTLKIQPAELGDSAVYLCASSL"
"TRBV12-3*01","SGHNS","FNNNVP","PNASF","ASSL","DAGVIQSPRHEVTEMGQEVTLRCKPISGHNSLFWYRQTMMRGLELLIYFNNNVPIDDSGMPEDRFSAKMPNASFSTLKIQPSEPRDSAVYFCASSL"
"TRBV12-4*01","SGHDY","FNNNVP","PNASF","ASSL","DAGVIQSPRHEVTEMGQEVTLRCKPISGHDYLFWYRQTMMRGLELLIYFNNNVPIDDSGMPEDRFSAKMPNASFSTLKIQPSEPRDSAVYFCASSL"
"TRBV12-4*02","SGHDY","FNNNVP","PNASF","ASSL","DAGVIQSPRHEVTEMGQEVTLRCKPISGHDYLFWYRQTMMRGLELLIYFNNNVPIDDSGMPEDRFSAKMPNASFSTLRIQPSEPRDSAVYFCASSL"
"TRBV12-5*01","LGHNT","FRNRAP","PDATL","ASGL","DARVTQTPRHKVTEMGQEVTMRCQPILGHNTVFWYRQTMMQGLELLAYFRNRAPLDDSGMPKDRFSAEMPDATLATLKIQPSEPRDSAVYFCASGL"
"TRBV13*01","PRHDT","FYEKMQ","FSDYH","ASSL","AAGVIQSPRHLIKEKRETATLKCYPIPRHDTVYWYQQGPGQDPQFLISFYEKMQSDKGSIPDRFSAQQFSDYHSELNMSSLELGDSALYFCASSL"
"TRBV13*02","PRHDT","FYEKMQ","FSDYH","ASS","AAGVIQSPRHLIREKRETATLKCYPIPRHDTVYWYQQGPGQDPQFFISFYEKMQSDKGSIPDRFSAQQFSDYHSELNMSSLELGDSALYFCASS"
"TRBV14*01","SGHDN","FVKESK","TGGTY","ASSQ","EAGVTQFPSHSVIEKGQTVTLRCDPISGHDNLYWYRRVMGKEIKFLLHFVKESKQDESGMPNNRFLAERTGGTYSTLKVQPAELEDSGVYFCASSQ"
"TRBV14*02","SGHDN","FVKESK","TGGTY","ASS","EAGVTQFPSHSVIEKGQTVTLRCDPISGHDNLYWYRRVMGKEIKFLLHFVKESKQDESGMPNNRFLAERTGGTYSTLKVQPAELEDSGVYFCASS"
"TRBV15*01","LNHNV","YYDKDF","PNTSF","ATSR","DAMVIQNPRYQVTQFGKPVTLSCSQTLNHNVMYWYQQKSSQAPKLLFHYYDKDFNNEADTPDNFQSRRPNTSFCFLDIRSPGLGDTAMYLCATSR"
"TRBV15*02","LNHNV","YYDKDF","PNTSF","ATSR","DAMVIQNPRYQVTQFGKPVTLSCSQTLNHNVMYWYQQKSSQAPKLLFHYYDKDFNNEADTPDNFQSRRPNTSFCFLDIRSPGLGDAAMYLCATSR"
"TRBV15*03","LNHNV","YYNKDF","PNTSF","ATS","DAMVIQNPRYRVTQFGKPVTLSCSQTLNHNVMYWYQQKSSQAPKLLFHYYNKDFNNEADTPDNFQSRRPNTSFCFLDIRSPGLGDAAMYQCATS"
"TRBV16*01","KGHSY","FQNENV","LPNSP","ASSQ","GEEVAQTPKHLVRGEGQKAKLYCAPIKGHSYVFWYQQVLKNEFKFLISFQNENVFDETGMPKERFSAKCLPNSPCSLEIQATKLEDSAVYFCASSQ"
"TRBV16*02","KGHS*","FQNENV","LPNSP","ASSQ","GEEVAQTPKHLVRGEGQKAKLYCAPIKGHS*VFWYQQVLKNEFKFLISFQNENVFDETGMPKERFSAKCLPNSPCSLEIQATKLEDSAVYFCASSQ"
"TRBV16*03","KGHSY","FQNENV","LPNSP","ASS","GEEVAQTPKHLVRGEGQKAKLYCAPIKGHSYVFWYQQVLKNEFKFLVSFQNENVFDETGMPKERFSAKCLPNSPCSLEIQATKLEDSAVYFCASS"
"TRBV18*01","KGHSH","LQKENI","PKEGP","ASSP","NAGVMQNPRHLVRRRGQEARLRCSPMKGHSHVYWYRQLPEEGLKFMVYLQKENIIDESGMPKERFSAEFPKEGPSILRIQQVVRGDSAAYFCASSP"
"TRBV19*01","LNHDA","SQIVND","EKKES","ASSI","DGGITQSPKYLFRKEGQNVTLSCEQNLNHDAMYWYRQDPGQGLRLIYYSQIVNDFQKGDIAEGYSVSREKKESFPLTVTSAQKNPTAFYLCASSI"
"TRBV19*02","LNHDA","SHIVND","EKKES","ASSI","DGGITQSPKYLFRKEGQNVTLSCEQNLNHDAMYWYRQVPGQGLRLIYYSHIVNDFQKGDIAEGYSVSREKKESFPLTVTSAQKNPTAFYLCASSI"
"TRBV19*03","LNHDA","SHIVND","EKKES","AS","DGGITQSPKYLFRKEGQNVTLSCEQNLNHDAMYWYRQDPGQGLRLIYYSHIVNDFQKGDIAEGYSVSREKKESFPLTVTSAQKNPTAFYLCAS"
"TRBV2*01","SNHLY","FYNNEI","PDGSN","ASSE","EPEVTQTPSHQVTQMGQEVILRCVPISNHLYFYWYRQILGQKVEFLVSFYNNEISEKSEIFDDQFSVERPDGSNFTLKIRSTKLEDSAMYFCASSE"
"TRBV2*02","SNHLY","FYNNEI","PDGSN","ASS","EPEVTQTPSHQVTQMGQEVILHCVPISNHLYFYWYRQILGQKVEFLVSFYNNEISEKSEIFDDQFSVERPDGSNFTLKIRSTKLEDSAMYFCASS"
"TRBV2*03","SNHLY","FYNNEI","PDGSN","ASSE","EPEVTQTPSHQVTQMGQEVILRCVPISNHLYFYWYRQILGQKVEFLVSFYNNEISEKSEIFDDQFSVERPDGSNFTLKIRSTKLEDSAMYFCASSE"
"TRBV20-1*01","DFQATT","SNEGSKA","ASLTL","SAR","GAVVSQHPSWVICKSGTSVKIECRSLDFQATTMFWYRQFPKQSLMLMATSNEGSKATYEQGVEKDKFLINHASLTLSTLTVTSAHPEDSSFYICSAR"
"TRBV20-1*02","DFQATT","SNEGSKA","ASLTL","SA","GAVVSQHPSRVICKSGTSVKIECRSLDFQATTMFWYRQFPKQSLMLMATSNEGSKATYEQGVEKDKFLINHASLTLSTLTVTSAHPEDSSFYICSA"
"TRBV20-1*03","DFQATT","SNEGCKA","ASLTL","SA","GAVVSQHPSWVICKSGTSVKIECRSLDFQATTMFWYRQFPKQSLMLMATSNEGCKATYEQGVEKDKFLINHASLTLSTLTVTSAHPEDSSFYICSA"
"TRBV20-1*04","DFQATT","SNEGSKA","ASLTL","SAS","GAVVSQHPSRVICKSGTSVKIECRSLDFQATTMFWYRQFPKKSLMLMATSNEGSKATYEQGVEKDKFLINHASLTLSTLTVTSAHPEDSSFYICSAS"
"TRBV20-1*05","DFQATT","SNEGSKA","ASLTL","SAR","GAVVSQHPSRVICKSGTSVKIECRSLDFQATTMFWYRQFPKKSLMLMATSNEGSKATYEQGVEKDKFLINHASLTLSTLTVTSAHPEDSSFYICSAR"
"TRBV20-1*06","DFQATT","SNEGSKA","ASLTL","SA","GAVVSQHPSRVICKSGTSVKIECRSLDFQATTMFWYRQFPKKSLMLMATSNEGSKATYEQGVEKDKFLINHASLTLSTLTVTSAHPEDSSFYICSA"
"TRBV20-1*07","DFQATT","SNEGSKA","ASLTL","SAR","GAVVSQHPSRVICKSGTSVKIECRSLDFQATTMFWYRQFPKKSLMQIATSNEGSKATYEQGVEKDKFLINHASLTLSTLTVTSAHPEDSSFYICSAR"
"TRBV24-1*01","KGHDR","SFDVKD","QAQAK","ATSDL","DADVTQTPRNRITKTGKRIMLECSQTKGHDRMYWYRQDPGLGLRLIYYSFDVKDINKGEISDGYSVSRQAQAKFSLSLESAIPNQTALYFCATSDL"
"TRBV24-1*02","KGHDR","SFDVKD","QAQAK","ATSDL","DADVTQTPRNRITKTGKRIMLECSQTKGHDRMYWYRQDPGLGLQLIYYSFDVKDINKGEISDGYSVSRQAQAKFSLSLESAIPNQTALYFCATSDL"
"TRBV25-1*01","MGHDK","SYGVNS","IRTEH","ASSE","EADIYQTPRYLVIGTGKKITLECSQTMGHDKMYWYQQDPGMELHLIHYSYGVNSTEKGDLSSESTVSRIRTEHFPLTLESARPSHTSQYLCASSE"
"TRBV27*01","MNHEY","SMNVEV","KEKRN","ASSL","EAQVTQNPRYLITVTGKKLTVTCSQNMNHEYMSWYRQDPGLGLRQIYYSMNVEVTDKGDVPEGYKVSRKEKRNFPLILESPSPNQTSLYFCASSL"
"TRBV28*01","MDHEN","SYDVKM","EKKER","ASSL","DVKVTQSSRYLVKRTGEKVFLECVQDMDHENMFWYRQDPGLGLRLIYFSYDVKMKEKGDIPEGYSVSREKKERFSLILESASTNQTSMYLCASSL"
"TRBV29-1*01","SQVTM","ANQGSEA","PNLTF","SVE","SAVISQKPSRDICQRGTSLTIQCQVDSQVTMMFWYRQQPGQSLTLIATANQGSEATYESGFVIDKFPISRPNLTFSTLTVSNMSPEDSSIYLCSVE"
"TRBV29-1*02","SQVTM","ANQGSEA","PNLTF","SVE","SAVISQKPSRDICQRGTSLTIQCQVDSQVTMMFWYRQQPGQSLTLIATANQGSEATYESGFVIDKFPISRPNLTFSSLTVSNMSPEDSSIYLCSVE"
"TRBV29-1*03","SQVTM","ANQGSEA","PNLTF","SAG","TIQCQVDSQVTMIFWYRQQPGQSLTLIATANQGSEATYESGFVIDKFPISRPNLTFSTLTVSNMSPEDSSIYLCSAG"
"TRBV3-1*01","LGHDT","YNNKEL","PDKAH","ASSQ","DTAVSQTPKYLVTQMGNDKSIKCEQNLGHDTMYWYKQDSKKFLKIMFSYNNKELIINETVPNRFSPKSPDKAHLNLHINSLELGDSAVYFCASSQ"
"TRBV3-1*02","LGHDT","YNNKEI","PDKAK","AS","DTAVSQTPKYLVTQMGNDKSIKCEQNLGHDTMYWYKQDSKKFLKIMFSYNNKEIIINETVPNRFSPKSPDKAKLNLHINSLELGDSAVYFCAS"
"TRBV30*01","GTSNPN","SVGIG","PQDRQ","AWS","SQTIHQWPATLVQPVGSPLSLECTVEGTSNPNLYWYRQAAGRGLQLLFYSVGIGQISSEVPQNLSASRPQDRQFILSSKKLLLSDSGFYLCAWS"
"TRBV30*02","GTSNPN","SVGIG","PQDRQ","AWS","SQTIHQWPATLVQPVGSPLSLECTVEGTSNPNLYWYRQAAGRGLQLLFYSVGIGQISSEVPQNLSASRPQDRQFILSSKKLLLSDSGFYLCAWS"
"TRBV30*03","GTSNPN","SVGIG","SQDRQ","AWS","SQTIHQWPATLVQPVGSPLSLECTVEGTSNPNLYWY*QAAGRGLQLLFYSVGIGQISSEVPQNLSASRSQDRQFILSSKKLLLSDSGFYLCAWS"
"TRBV30*04","GTSNPN","SIGID","PQDRQ","AWS","TIHQWPATLVQPVGSPLSLECTVEGTSNPNLYWYRQAAGRGLQLLFYSIGIDQISSEVPQNLSASRPQDRQFILSSKKLLLSDSGFYLCAWS"
"TRBV30*05","GTSNPN","SVGIG","PQDRQ","AWG","SQTIHQWPATLVQPVGSPLSLECTVEGTSNPNLYWYRQAAGRGLQLLFYSVGIGQISSEVPQNLSASRPQDRQFILSSKKLLLSDSGFYLCAWG"
"TRBV4-1*01","MGHRA","YSYEKL","PNSSL","ASSQ","DTEVTQTPKHLVMGMTNKKSLKCEQHMGHRAMYWYKQKAKKPPELMFVYSYEKLSINESVPSRFSPECPNSSLLNLHLHALQPEDSALYLCASSQ"
"TRBV4-1*02","MGHRA","YSYEKL","PNSSL","ASSQ","HLVMGMTNKKSLKCEQHMGHRAMYWYKQKAKKPPELMFVYSYEKLSINESVPSRFSPECPNSSLLNLHLHALQPEDSALYLCASSQ"
"TRBV4-2*01","LGHNA","YNFKEQ","PNSSH","ASSQ","ETGVTQTPRHLVMGMTNKKSLKCEQHLGHNAMYWYKQSAKKPLELMFVYNFKEQTENNSVPSRFSPECPNSSHLFLHLHTLQPEDSALYLCASSQ"
"TRBV4-2*02","LGHNA","YNFKEQ","PNSSH","AST","ETGVTQTPRHLVMGMTNKKSLKCEQHLGHNAMYWYKQSAKKPLELMFVYNFKEQTENNSVPSRFSPECPNSSHLCLHLHTLQPEDSALYLCAST"
"TRBV4-3*01","LGHNA","YSLEER","PNSSH","ASSQ","ETGVTQTPRHLVMGMTNKKSLKCEQHLGHNAMYWYKQSAKKPLELMFVYSLEERVENNSVPSRFSPECPNSSHLFLHLHTLQPEDSALYLCASSQ"
"TRBV4-3*02","LGHNA","YSLEER","PNSSH","ASS","ETGVTQTPRHLVMGMTNKKSLKCEQHLGHNAMYWYKQSAKKPLELMFVYSLEERVENNSVPSRFSPECPNSSHLSLHLHTLQPEDSALYLCASS"
"TRBV4-3*03","LGHNA","YSLEER","PNSSH","ASS","ETGVTQTPRHLVMGMTNKKSLKCEQHLGHNAMYWYKQSAKKPLELMFVYSLEERVENNSVPSRFSPECPNSSHLFLHLHTLQPEDSALYLCASS"
"TRBV4-3*04","LGHNA","YSLEER","PNSSH","ASS","KKSLKCEQHLGHNAMYWYKQSAKKPLELMFVYSLEERVENNSVPSRFSPECPNSSHLFLHLHTLQPEDSALYLCASS"
"TRBV5-1*01","SGHRS","YFSETQ","FSNSR","ASSL","KAGVTQTPRYLIKTRGQQVTLSCSPISGHRSVSWYQQTPGQGLQFLFEYFSETQRNKGNFPGRFSGRQFSNSRSEMNVSTLELGDSALYLCASSL"
"TRBV5-1*02","SGHRS","YFSETQ","FSNSR","AS","RAGVTQTPRHLIKTRGQQVTLGCSPISGHRSVSWYQQTLGQGLQFLFEYFSETQRNKGNFLGRFSGRQFSNSRSEMNVSTLELGDSALYLCAS"
"TRBV5-4*01","SGHNT","YYREEE","FPNYS","ASSL","ETGVTQSPTHLIKTRGQQVTLRCSSQSGHNTVSWYQQALGQGPQFIFQYYREEENGRGNFPPRFSGLQFPNYSSELNVNALELDDSALYLCASSL"
"TRBV5-4*02","SGHNT","YYREEE","FPNYN","ASS","ETGVTQSPTHLIKTRGQQVTLRCSSQSGHNTVSWYQQALGQGPQFIFQYYREEENGRGNFPPRFSGLQFPNYNSELNVNALELDDSALYLCASS"
"TRBV5-4*03","SGHNT","YYREEE","FPNYS","ASS","QQVTLRCSSQSGHNTVSWYQQALGQGPQFIFQYYREEENGRGNFPPRFSGLQFPNYSSELNVNALELDDSALYLCASS"
"TRBV5-4*04","T","YYREEE","FPNYS","ASS","TVSWYQQALGQGPQFIFQYYREEENGRGNSPPRFSGLQFPNYSSELNVNALELDDSALYLCASS"
"TRBV5-5*01","SGHKS","YYEKEE","FPNYS","ASSL","DAGVTQSPTHLIKTRGQQVTLRCSPISGHKSVSWYQQVLGQGPQFIFQYYEKEERGRGNFPDRFSARQFPNYSSELNVNALLLGDSALYLCASSL"
"TRBV5-5*02","SGHKS","YYEKEE","FPNYS","ASS","DAGVTQSPTHLIKTRGQHVTLRCSPISGHKSVSWYQQVLGQGPQFIFQYYEKEERGRGNFPDRFSARQFPNYSSELNVNALLLGDSALYLCASS"
"TRBV5-5*03","SEHKS","YYEKEE","FPNYS","ASS","DAGVTQSPTHLIKTRGQQVTLRCSPISEHKSVSWYQQVLGQGPQFIFQYYEKEERGRGNFPDRFSARQFPNYSSELNVNALLLGDSALYLCASS"
"TRBV5-6*01","SGHDT","YYEEEE","FPNYS","ASSL","DAGVTQSPTHLIKTRGQQVTLRCSPKSGHDTVSWYQQALGQGPQFIFQYYEEEERQRGNFPDRFSGHQFPNYSSELNVNALLLGDSALYLCASSL"
"TRBV5-8*01","SGHTS","YDEGEE","FPNYS","ASSL","EAGVTQSPTHLIKTRGQQATLRCSPISGHTSVYWYQQALGLGLQFLLWYDEGEERNRGNFPPRFSGRQFPNYSSELNVNALELEDSALYLCASSL"
"TRBV5-8*02","SGHTS","YDEGEE","FPNYS","ASS","GQQATLRCSPISGHTSVYWYQQALGLGLQLLLWYDEGEERNRGNFPPRFSGRQFPNYSSELNVNALELEDSALYLCASS"
"TRBV6-1*01","MNHNS","SASEGT","LNKRE","ASSE","NAGVTQTPKFQVLKTGQSMTLQCAQDMNHNSMYWYRQDPGMGLRLIYYSASEGTTDKGEVPNGYNVSRLNKREFSLRLESAAPSQTSVYFCASSE"
"TRBV6-2*01","MNHEY","SVGEGT","LKKQN","ASSY","NAGVTQTPKFRVLKTGQSMTLLCAQDMNHEYMYWYRQDPGMGLRLIHYSVGEGTTAKGEVPDGYNVSRLKKQNFLLGLESAAPSQTSVYFCASSY"
"TRBV6-3*01","MNHEY","SVGEGT","LKKQN","ASSY","NAGVTQTPKFRVLKTGQSMTLLCAQDMNHEYMYWYRQDPGMGLRLIHYSVGEGTTAKGEVPDGYNVSRLKKQNFLLGLESAAPSQTSVYFCASSY"
"TRBV6-4*01","MRHNA","SNTAGT","ANTDD","ASSD","IAGITQAPTSQILAAGRRMTLRCTQDMRHNAMYWYRQDLGLGLRLIHYSNTAGTTGKGEVPDGYSVSRANTDDFPLTLASAVPSQTSVYFCASSD"
"TRBV6-4*02","MRHNA","SNTAGT","ANTDD","ASSD","TAGITQAPTSQILAAGRSMTLRCTQDMRHNAMYWYRQDLGLGLRLIHYSNTAGTTGKGEVPDGYSVSRANTDDFPLTLASAVPSQTSVYFCASSD"
"TRBV6-5*01","MNHEY","SVGAGI","STTED","ASSY","NAGVTQTPKFQVLKTGQSMTLQCAQDMNHEYMSWYRQDPGMGLRLIHYSVGAGITDQGEVPNGYNVSRSTTEDFPLRLLSAAPSQTSVYFCASSY"
"TRBV6-6*01","MNHNY","SVGAGI","STTED","ASSY","NAGVTQTPKFRILKIGQSMTLQCTQDMNHNYMYWYRQDPGMGLKLIYYSVGAGITDKGEVPNGYNVSRSTTEDFPLRLELAAPSQTSVYFCASSY"
"TRBV6-6*02","MNHNY","SVGAGI","STTED","ASSY","NAGVTQTPKFRILKIGQSMTLQCAQDMNHNYMYWYRQDPGMGLKLIYYSVGAGITDKGEVPNGYNVSRSTTEDFPLRLELAAPSQTSVYFCASSY"
"TRBV6-6*03","MNHNY","SVGAGI","STTED","ASS","NAGVTQTPKFRILKIGQSMTLQCAQDMNHNYMYWYRQDPGMGLKLIYYSVGAGITDKGEVPNGYNVSRSTTEDFPLRLELAAPSQTSVYFCASS"
"TRBV6-6*04","MNHEY","SVGAGI","STTED","ASSR","NAGVTQTPKFRILKIGQSMTLQCTQDMNHEYMYWYRQDPGMGLKLIYYSVGAGITDKGEVPNGYNVSRSTTEDFPLRLELAAPSQTSVYFCASSR"
"TRBV6-6*05","MNHNY","SVGAGI","STTED","ASS","NAGVTQTPKFRILKIGQSMTLQCAQDMNHNYMYWYRQDPGMGLKLIYYSVGAGITDKGEVPNGYNVSRSTTEDFPLRLELAAASQTSVYFCASS"
"TRBV6-8*01","MNHGY","SAAAGT","LNTED","ASSY","NAGVTQTPKFHILKTGQSMTLQCAQDMNHGYMSWYRQDPGMGLRLIYYSAAAGTTDKEVPNGYNVSRLNTEDFPLRLVSAAPSQTSVYLCASSY"
"TRBV6-9*01","MNHGY","SVAAGI","SNTED","ASSY","NAGVTQTPKFHILKTGQSMTLQCAQDMNHGYLSWYRQDPGMGLRRIHYSVAAGITDKGEVPDGYNVSRSNTEDFPLRLESAAPSQTSVYFCASSY"
"TRBV7-2*01","SGHTA","FQGNSA","TGGSV","ASSL","GAGVSQSPSNKVTEKGKDVELRCDPISGHTALYWYRQSLGQGLEFLIYFQGNSAPDKSGLPSDRFSAERTGGSVSTLTIQRTQQEDSAVYLCASSL"
"TRBV7-2*02","SGHTA","FQGNSA","TGESV","ASSL","GAGVSQSPSNKVTEKGKDVELRCDPISGHTALYWYRQRLGQGLEFLIYFQGNSAPDKSGLPSDRFSAERTGESVSTLTIQRTQQEDSAVYLCASSL"
"TRBV7-2*03","SGHTA","FQGNSA","TGESV","TSSL","GAGVSQSPSNKVTEKGKDVELRCDPISGHTALYWYRQRLGQGLEFLIYFQGNSAPDKSGLPSDRFSAERTGESVSTLTIQRTQQEDSAVYLCTSSL"
"TRBV7-2*04","SGHTA","FQGNSA","TGGSV","ASSL","GAGVSQSPSNKVTEKGKDVELRCDPISGHTALYWYRQSLGQGLEFLIYFQGNSAPDKSGLPSDRFSAERTGGSVSTLTIQRTQQEDSAVYLCASSL"
"TRBV7-3*01","SGHTA","FQGTGA","PEGSV","ASSL","GAGVSQTPSNKVTEKGKYVELRCDPISGHTALYWYRQSLGQGPEFLIYFQGTGAADDSGLPNDRFFAVRPEGSVSTLKIQRTERGDSAVYLCASSL"
"TRBV7-3*02","SGHTA","FQGTGA","PEGSV","ASSL","GAGVSQTPSNKVTEKGKDVELRCDPISGHTALYWYRQSLGQGPEFLIYFQGTGAADDSGLPKDRFFAVRPEGSVSTLKIQRTEQGDSAVYLRASSL"
"TRBV7-3*03","SGHTA","FQGTGA","PEGSV","ASSL","GAGVSQTPSNKVTEKGKDVELRCDPISGHTALYWYRQSLGQGPEFLIYFQGTGAADDSGLPKDRFFAVRPEGSVSTLKIQRTEQGDSAAYLRASSL"
"TRBV7-3*04","SGHTA","FQGTGA","PEGSV","ASS","GAGVSQTPSNKVTEKGKYVELRCDPISGHTALYWYRQSLGQGPEFLIYFQGTGAADDSGLPNDRFFAVRPEGSVSTLKIQRTERGDSAVYLCASS"
"TRBV7-3*05","SGHTA","FQGTGA","PEGSV","ASS","WELRCDPISGHTALYWYRQSLGQGPELLIYFQGTGAADDSGLPNDRFFAVRPEGSVSTLKIQRTERGDSAVYLCASS"
"TRBV7-4*01","SGHVT","SQSDAQ","PERSV","ASSL","GAGVSQSPRYKVAKRGRDVALRCDSISGHVTLYWYRQTLGQGSEVLTYSQSDAQRDKSGRPSGRFSAERPERSVSTLKIQRTEQGDSAVYLCASSL"
"TRBV7-6*01","SGHVS","FNYEAQ","PEGSI","ASSL","GAGVSQSPRYKVTKRGQDVALRCDPISGHVSLYWYRQALGQGPEFLTYFNYEAQQDKSGLPNDRFSAERPEGSISTLTIQRTEQRDSAMYRCASSL"
"TRBV7-6*02","SGHVS","FNYEAQ","PEGSI","ASS","GAGVSQSPRYKVTKRGQDVALRCDPISGHVSLYWYRQALGQGPEFLTYFNYEAQQDKSGLPNDRFSAERPEGSISTLTIQRTEQRDSAMYRCASS"
"TRBV7-7*01","SSHAT","FNYEAQ","PEGSI","ASSL","GAGVSQSPRYKVTKRGQDVTLRCDPISSHATLYWYQQALGQGPEFLTYFNYEAQPDKSGLPSDRFSAERPEGSISTLTIQRTEQRDSAMYRCASSL"
"TRBV7-7*02","SSHVT","FNYEAQ","PEGSI","ASS","GAGVSQSPRYKVTKRGQDVTLRCDPISSHVTLYWYQQALGQGPEFLTYFNYEAQPDKSGLPSDRFSAERPEGSISTLTIQRTEQRDSAMYRCASS"
"TRBV7-8*01","SGHVS","FQNEAQ","PEGSV","ASSL","GAGVSQSPRYKVAKRGQDVALRCDPISGHVSLFWYQQALGQGPEFLTYFQNEAQLDKSGLPSDRFFAERPEGSVSTLKIQRTQQEDSAVYLCASSL"
"TRBV7-8*02","SGHVS","FQNEAQ","PEGSV","ASSL","GAGVSQSPRYKVAKRGQDVALRCDPISGHVSLFWYQQALGQGPEFLTYFQNEAQLDKSGLPSDRFFAERPEGSVSTLKIQRTQKEDSAVYLCASSL"
"TRBV7-8*03","SGHVS","FQNEAQ","PEGSV","ASSR","GAGVSQSPRYKVAKRGQDVALRCDPISGHVSLFWYQQALGQGPEFLTYFQNEAQLDKSGLPSDRFFAERPEGSVSTLKIQRTQQEDSAVYLCASSR"
"TRBV7-9*01","SEHNR","FQNEAQ","PKGSF","ASSL","DTGVSQNPRHKITKRGQNVTFRCDPISEHNRLYWYRQTLGQGPEFLTYFQNEAQLEKSRLLSDRFSAERPKGSFSTLEIQRTEQGDSAMYLCASSL"
"TRBV7-9*02","SEHNR","FQNEAQ","PKGSF","ASSL","DTGVSQNPRHNITKRGQNVTFRCDPISEHNRLYWYRQTLGQGPEFLTYFQNEAQLEKSRLLSDRFSAERPKGSFSTLEIQRTEQGDSAMYLCASSL"
"TRBV7-9*03","SEHNR","FQNEAQ","PKGSF","ASSL","DTGVSQDPRHKITKRGQNVTFRCDPISEHNRLYWYRQTLGQGPEFLTYFQNEAQLEKSRLLSDRFSAERPKGSFSTLEIQRTEQGDSAMYLCASSL"
"TRBV7-9*04","SEHNR","FQNEAQ","PKGSF","ASS","ISGVSHNPRHKITKRGQNVTFRCDPISEHNRLYWYRQNPGQGPEFLTYFQNEAQLEKSGLLSDRISAERPKGSFSTLEIQRTEQGDSAMYLCASS"
"TRBV7-9*05","SEHNR","FQNEAQ","PKGSL","ASTK","DTGVSQNPRHKITKRGQNVTFRCDPISEHNRLYWYRQTLGQGPEFLTYFQNEAQLEKSRLLSDRFSAERPKGSLSTLEIQRTEQGDSAMYLCASTK"
"TRBV7-9*06","SEHNR","FQNEAQ","PKGSL","ASTL","DTGVSQNPRHKITKRGQNVTFRCDPISEHNRLYWYRQTLGQGPEFLTYFQNEAQLEKSRLLSDRFSAERPKGSLSTLEIQRTEQGDSAMYLCASTL"
"TRBV7-9*07","HNR","FQNEAQ","PKGSF","ASS","HNRLYWYRQTLGQGPEFLTYFQNEAQLEKSRLLSDRFSAERPKGSFSTLEIQRTEEGDSAMYLCASS"
"TRBV9*01","SGDLS","YYNGEE","FPDLH","ASSV","DSGVTQTPKHLITATGQRVTLRCSPRSGDLSVYWYQQSLDQGLQFLIQYYNGEERAKGNILERFSAQQFPDLHSELNLSSLELGDSALYFCASSV"
"TRBV9*02","SGDLS","YYNGEE","FPDLH","ASSV","DSGVTQTPKHLITATGQRVTLRCSPRSGDLSVYWYQQSLDQGLQFLIHYYNGEERAKGNILERFSAQQFPDLHSELNLSSLELGDSALYFCASSV"
"TRBV9*03","SGDLS","YYNGEE","FPDLH","ASS","DSGVTQTPKHLITATGQRVTLRCSPRSGDLSVYWYQQSLDQGLQFLIQYYNGEERAKGNILERFSAQQFPDLHSELNLSSLELGDSALYFCASS"
